first_name,last_name,email,phone_number,city,country,company,job_title,salary
Terry,Griffith,caseyjeffrey@example.com,5368522058639,East Paulside,Congo,Davis-Hanson,Statistician,185049
Danielle,Harper,pmckay@example.net,0420696052130,Melissaport,Saint Kitts and Nevis,Padilla Inc,Chartered public finance accountant,118883
Emma,Hardin,sanchezperry@example.org,2461964904620,East Shawn,Cook Islands,Nelson and Sons,Solicitor,53792
Matthew,Webb,lindsey05@example.com,6930139319847,North Elizabethhaven,Somalia,"Sanchez, Howard and Ruiz",Geochemist,195064
Erin,Silva,huanglisa@example.net,5610717964694,New Jenniferstad,Denmark,Mcgee and Sons,"Engineer, energy",181811
Christine,Ray,marcojohnson@example.com,1336121685394,Howardtown,Tanzania,Gonzales-Cunningham,Clinical molecular geneticist,76818
Nicholas,Casey,cassandrawilliams@example.net,0153490934068,Lake Crystalburgh,Armenia,Hill Inc,"Scientist, clinical (histocompatibility and immunogenetics)",44597
Jodi,Powell,klinechristine@example.com,3866759095467,West Diana,Nauru,"Burton, Bowman and Craig","Embryologist, clinical",96916
Laurie,Cochran,vanessa84@example.net,2920069226121,Barajashaven,Zimbabwe,Green Group,"Therapist, drama",166219
Susan,Stanley,weaverdebbie@example.org,8253281317459,Lake Sarah,Yemen,Garcia Inc,Theatre stage manager,198748
